{"_wandb": {"runtime": 44}, "loss": 2.470893383026123, "ppl": 11.833013544340009, "_timestamp": 1706952685.0479205, "_runtime": 42.168580532073975, "_step": 0}